X,Y,KAUPUNGINO,KAUPUNGI_1,KAUPUNGI_2,kosanimi,kosa_ruots,suuralue,id,aluejako,kunta,tunnus,nimi_fi,nimi_se,yhtluontip,yhtmuokkau,yhtdatanom,paivitetty,nimiYhd,idYhd,join_id,distance,roadDistanceToCenter,roadDistanceToCenterKm
25480130.2306466,6680066.9131198,72,KARHUSUO,BJÖRNKÄRR,,,,0,,,,,,,,,,KARHUSUO,1,1,7259.3373204198,20603.6,20.6036
25477813.1050825,6680658.05431609,74,NUPURI,NUPURBÖLE,,,,0,,,,,,,,,,NUPURI,2,1,6962.9609126537,22884.5,22.8845
25485471.9476249,6679465.55771268,61,VIHERLAAKSO,GRÖNDAL,,,,0,,,,,,,,,,VIHERLAAKSO,3,1,5338.8616251182,14454.6,14.4546
25474303.71683,6680180.12397933,91,ÄMMÄSSUO,KÄRINGMOSSEN,,,,0,,,,,,,,,,ÄMMÄSSUO,4,1,6676.7752194078,28167.8,28.1678
25487254.4146087,6678166.66530148,54,KILO,KILO,,,,0,,,,,,,,,,KILO,5,1,3134.1773109133,12225.3,12.2253
25484071.855691,6679748.13171887,62,LIPPAJÄRVI,KLAPPTRÄSK,,,,0,,,,,,,,,,LIPPAJÄRVI,6,1,6637.4726776264,16959.2,16.9592
25490080.4757943,6678502.9811116,51,LEPPÄVAARA,ALBERGA,,,,0,,,,,,,,,,LEPPÄVAARA,7,1,1609.6377882996,9877.91,9.87791
25478739.0388506,6678093.65142528,71,GUMBÖLE,GUMBÖLE,,,,0,,,,,,,,,,GUMBÖLE,8,1,4854.8928754952,21637.7,21.6377
25481924.8704685,6678546.35747973,64,KARVASMÄKI,KARVASBACKA,,,,0,,,,,,,,,,KARVASMÄKI,9,1,7235.6647475134,17962.6,17.9626
25481802.9227907,6676715.92490194,40,ESPOON KESKUS,ESBO CENTRUM,,,,0,,,,,,,,,,ESPOON KESKUS,10,1,5696.7949891426,17699.2,17.6992
25484419.1906045,6676898.81031079,55,SEPÄNKYLÄ,SMEDSBY,,,,0,,,,,,,,,,SEPÄNKYLÄ,11,1,5202.8536284604,14936.5,14.9365
25475339.142777,6677185.5251588,70,ESPOONKARTANO,ESBOGÅRD,,,,0,,,,,,,,,,ESPOONKARTANO,12,1,3508.7974008885,25120.2,25.1202
25488948.3353815,6676650.18833176,17,LAAJALAHTI,BREDVIK,,,,0,,,,,,,,,,LAAJALAHTI,13,1,869.8013929888,10106.7,10.1067
25486510.2359505,6675817.28680222,26,MANKKAA,MANKANS,,,,0,,,,,,,,,,MANKKAA,14,1,3036.3412445923,12503.1,12.5031
25483092.1401116,6670805.48994706,31,KAITAA,KAITANS,,,,0,,,,,,,,,,KAITAA,15,1,861.8525665239,14934.2,14.9342
25480396.1420604,6670713.62676758,34,ESPOONLAHTI,ESBOVIKEN,,,,0,,,,,,,,,,ESPOONLAHTI,16,1,715.0273586853,17291.9,17.2919
25485711.6188827,6671403.20199836,23,MATINKYLÄ,MATTBY,,,,0,,,,,,,,,,MATINKYLÄ,17,1,769.7966916056,12271.9,12.2719
25482005.335081,6668836.50775395,33,SOUKKA,SÖKÖ,,,,0,,,,,,,,,,SOUKKA,18,1,711.2985040884,17486.1,17.4861
25483524.1629435,6667017.35758378,32,SUVISAARISTO,SOMMARÖARNA,,,,0,,,,,,,,,,SUVISAARISTO,19,1,228.1112361836,21958,21.958
25484834.9101156,6685480.30298371,82,PERUSMÄKI,GRANDBACKA,,,,0,,,,,,,,,,PERUSMÄKI,20,1,10270.3038264895,20519,20.519
25489883.5889136,6680784.40372942,50,LINTUVAARA,FÅGELBERGA,,,,0,,,,,,,,,,LINTUVAARA,21,1,3695.1770829541,11817.1,11.8171
25485634.5904838,6682686.84435417,80,VANHAKARTANO,GAMMELGÅRD,,,,0,,,,,,,,,,VANHAKARTANO,22,1,7563.540833108,19301.3,19.3013
25482915.4891293,6683608.48219366,83,BODOM,BODOM,,,,0,,,,,,,,,,BODOM,23,1,10035.9419285229,21189,21.189
25486560.2449809,6681397.49170939,60,LAAKSOLAHTI,DALSVIK,,,,0,,,,,,,,,,LAAKSOLAHTI,24,1,5984.970875062,14796.6,14.7966
25476754.4419605,6686814.88706568,78,NUUKSIO,NOUX,,,,0,,,,,,,,,,NUUKSIO,25,1,12979.4088615304,29525.7,29.5257
25487810.6884975,6679984.82266785,57,KARAKALLIO,KARABACKA,,,,0,,,,,,,,,,KARAKALLIO,26,1,4098.7087851958,12795.5,12.7955
25483665.0664381,6680616.27593895,63,JÄRVENPERÄ,TRÄSKÄNDA,,,,0,,,,,,,,,,JÄRVENPERÄ,27,1,7475.5954681463,17555.1,17.5551
25487411.7649978,6672142.82017747,14,HAUKILAHTI,GÄDDVIK,,,,0,,,,,,,,,,HAUKILAHTI,28,1,484.4840905909,10239.6,10.2396
25479520.4289789,6672667.8193776,42,SAUNALAHTI,BASTVIK,,,,0,,,,,,,,,,SAUNALAHTI,29,1,1178.9569870798,18637.2,18.6372
25482346.929827,6672433.19827213,30,NÖYKKIÖ,NÖYKIS,,,,0,,,,,,,,,,NÖYKKIÖ,30,1,2641.6223844386,15406.1,15.4061
25475787.9548103,6680144.59236158,75,KOLMPERÄ,KOLMPERS,,,,0,,,,,,,,,,KOLMPERÄ,31,1,6333.6901652804,26491.6,26.4916
25482926.9808572,6688971.81849237,86,LUUKKI,LUK,,,,0,,,,,,,,,,LUUKKI,32,1,14236.0446903326,24052.9,24.0529
25478779.2147308,6689360.95310257,88,VELSKOLA,VÄLLSKOG,,,,0,,,,,,,,,,VELSKOLA,33,1,15702.1599728399,28504.9,28.5049
25481700.7297758,6686684.8975061,84,RÖYLÄ,RÖDSKOG,,,,0,,,,,,,,,,RÖYLÄ,34,1,13166.2881248712,24680.2,24.6802
25483872.311319,6691452.29082187,87,LAHNUS,LAHNUS,,,,0,,,,,,,,,,LAHNUS,35,1,15929.7701509345,23921.7,23.9217
25474664.1981722,6684561.06869619,76,SIIKAJÄRVI,SIIKAJÄRVI,,,,0,,,,,,,,,,SIIKAJÄRVI,36,1,10860.0254112502,28535,28.535
25480357.7077655,6683115.2702582,73,KUNNARLA,GUNNARS,,,,0,,,,,,,,,,KUNNARLA,37,1,10084.720016559,22687.4,22.6874
25486271.069348,6684988.68589783,81,NIIPPERI,NIPERT,,,,0,,,,,,,,,,NIIPPERI,38,1,9103.5799283776,18339.7,18.3397
25477899.0576411,6682307.52573065,90,VANHA-NUUKSIO,GAMLA NOUX,,,,0,,,,,,,,,,VANHA-NUUKSIO,39,1,8599.1485683903,24458.4,24.4584
25481790.1114061,6674086.51992278,46,LATOKASKI,LADUSVED,,,,0,,,,,,,,,,LATOKASKI,40,1,3724.6908503888,16732.6,16.7326
25477177.6313486,6673977.4465723,45,KURTTILA,KURTBY,,,,0,,,,,,,,,,KURTTILA,41,1,701.7357146519,21834.9,21.8349
25487234.7778536,6673578.01873728,15,NIITTYKUMPU,ÄNGSKULLA,,,,0,,,,,,,,,,NIITTYKUMPU,42,1,1901.2480877496,10514.3,10.5143
25484932.5781568,6673354.08591864,22,OLARI,OLARS,,,,0,,,,,,,,,,OLARI,43,1,2574.0581214743,12746,12.746
25488973.1981854,6672486.53490985,13,WESTEND,WESTEND,,,,0,,,,,,,,,,WESTEND,44,1,284.979271726,8497.97,8.49797
25482323.4715031,6681030.70136558,65,HÖGNÄS,HÖGNÄS,,,,0,,,,,,,,,,HÖGNÄS,45,1,8805.0728452131,19052.5,19.0525
25483754.5149868,6675903.65508628,20,KUURINNIITTY,KURÄNGEN,,,,0,,,,,,,,,,KUURINNIITTY,46,1,5255.8015744825,15550.7,15.5507
25479874.2374983,6677403.84893552,47,MUURALA,MORBY,,,,0,,,,,,,,,,MUURALA,47,1,4978.0810733292,19735.7,19.7357
25490266.6684205,6674692.43964267,10,OTANIEMI,OTNÄS,,,,0,,,,,,,,,,OTANIEMI,48,1,368.6083317737,8815.82,8.81582
25488555.6167256,6675177.0069467,16,POHJOIS-TAPIOLA,NORRA HAGALUND,,,,0,,,,,,,,,,POHJOIS-TAPIOLA,49,1,1098.6759749967,10327.9,10.3279
25484671.4087222,6674860.30250909,21,HENTTAA,HEMTANS,,,,0,,,,,,,,,,HENTTAA,50,1,4010.1346578145,13853.2,13.8532
25477811.4932558,6675887.58435808,44,KAUKLAHTI,KÖKLAX,,,,0,,,,,,,,,,KAUKLAHTI,51,1,2487.672815441,22222.3,22.2223
25488987.0890011,6673762.72707851,12,TAPIOLA,HAGALUND,,,,0,,,,,,,,,,TAPIOLA,52,1,735.857970237,8820.13,8.82013
25480489.9429442,6675702.25743278,41,KAUPUNGINKALLIO,STADSBERGET,,,,0,,,,,,,,,,KAUPUNGINKALLIO,53,1,4081.2237717902,19011.2,19.0112
25478957.7995294,6674816.65819442,43,VANTTILA,FANTSBY,,,,0,,,,,,,,,,VANTTILA,54,1,2538.3699775848,20316.9,20.3169
25488049.1261359,6682530.2481176,,,,LINNAINEN,LINNAIS,921,0,,,,,,,,,,LINNAINEN,55,1,6108.440836209,14228.8,14.2288
25489431.6373521,6682132.43758612,,,,HÄMEVAARA,TAVASTBERGA,921,0,,,,,,,,,,HÄMEVAARA,56,1,5111.3908359343,12917.8,12.9178
25488681.3452805,6683635.9059465,,,,HÄMEENKYLÄ,TAVASTBY,921,0,,,,,,,,,,HÄMEENKYLÄ,57,1,6789.0718201171,14288.9,14.2889
25490339.4941698,6683231.87186305,,,,VAPAALA,FRIHERRS,921,0,,,,,,,,,,VAPAALA,58,1,5908.7979148237,12803.3,12.8033
25490119.8315231,6684594.98074056,,,,VARISTO,VARISTORNA,921,0,,,,,,,,,,VARISTO,59,1,7289.1850280514,14655.6,14.6556
25491709.8579677,6683516.14155675,,,,MYYRMÄKI,MYRBACKA,921,0,,,,,,,,,,MYYRMÄKI,60,1,6072.5461024536,12814.5,12.8145
25492968.2413728,6683599.54165581,,,,KAIVOKSELA,GRUVSTA,921,0,,,,,,,,,,KAIVOKSELA,61,1,6288.9344793654,12055.6,12.0556
25491665.4056928,6685463.64535334,,,,MARTINLAAKSO,MÅRTENSDAL,921,0,,,,,,,,,,MARTINLAAKSO,62,1,8019.9994749672,14631.9,14.6319
25492999.9408848,6685888.53268128,,,,VANTAANLAAKSO,VANDADALEN,921,0,,,,,,,,,,VANTAANLAAKSO,63,1,8547.1790756588,14388.1,14.3881
25487839.658787,6685479.96805381,,,,ASKISTO,ASKIS,921,0,,,,,,,,,,ASKISTO,64,1,8815.9944405388,16471.3,16.4713
25492444.7320317,6688307.78912887,,,,PIISPANKYLÄ,BISKOPSBÖLE,922,0,,,,,,,,,,PIISPANKYLÄ,65,1,10890.9074519612,17106.9,17.1069
25489124.2524119,6690335.91847904,,,,KEIMOLA,KÄINBY,922,0,,,,,,,,,,KEIMOLA,66,1,13115.7279130286,20971.5,20.9715
25491270.7698987,6690729.53383546,,,,KIVISTÖ,,922,0,,,,,,,,,,KIVISTÖ,67,1,13292.2175603308,19838.9,19.8389
25493214.1940684,6690819.84868365,,,,LAPINKYLÄ,LAPPBÖLE,922,0,,,,,,,,,,LAPINKYLÄ,68,1,13463.7174683569,20167.9,20.1679
25490772.9032329,6687315.80492557,,,,MYLLYMÄKI,KVARNBACKA,922,0,,,,,,,,,,MYLLYMÄKI,69,1,9913.3438111843,17080.8,17.0808
25488656.900193,6687360.11815437,,,,PETIKKO,,921,0,,,,,,,,,,PETIKKO,70,1,10314.0480720884,17485.3,17.4853
25487100.9705818,6692031.16349006,,,,VESTRA,VÄSTRA,922,0,,,,,,,,,,VESTRA,71,1,15233.1307751304,23784.8,23.7848
25489286.0389665,6694031.81579762,,,,LUHTAANMÄKI,LUHTABACKA,922,0,,,,,,,,,,LUHTAANMÄKI,72,1,16745.8608287498,23098.2,23.0982
25491461.5352528,6696146.5427469,,,,RIIPILÄ,RIPUBY,922,0,,,,,,,,,,RIIPILÄ,73,1,18704.1736547919,26414.8,26.4148
25492373.5575793,6693166.27173043,,,,SEUTULA,SJÖSKOG,922,0,,,,,,,,,,SEUTULA,74,1,15737.8358514198,22356.8,22.3568
25494709.197248,6693170.93865468,,,,KIILA,KILA,922,0,,,,,,,,,,KIILA,75,1,15225.6626548038,23623,23.623
25495138.6179047,6685694.25500878,,,,YLÄSTÖ,ÖVITSBÖLE,923,0,,,,,,,,,,YLÄSTÖ,76,1,8294.0726864492,14547,14.547
25494465.1015384,6688388.32977919,,,,VIINIKKALA,VINIKBY,923,0,,,,,,,,,,VIINIKKALA,77,1,10946.9125282049,18130.8,18.1308
25498295.5585869,6684534.683812,,,,TAMMISTO,ROSENDAL,923,0,,,,,,,,,,TAMMISTO,78,1,5911.3791619294,12886.9,12.8869
25497641.9523799,6686096.3759686,,,,PAKKALA,BACKAS,923,0,,,,,,,,,,PAKKALA,79,1,7590.3564894275,14642.3,14.6423
25498147.2492311,6687547.01490065,,,,VEROMIES,SKATTMANS,923,0,,,,,,,,,,VEROMIES,80,1,8886.905057931,16285.7,16.2857
25497172.7149051,6689493.90927857,,,,LENTOKENTTÄ,FLYGFÄLTET,923,0,,,,,,,,,,LENTOKENTTÄ,81,1,10995.0646763875,20502.4,20.5024
25502363.1438196,6688300.50944191,,,,HIEKKAHARJU,SANDKULLA,924,0,,,,,,,,,,HIEKKAHARJU,82,1,9842.6648131215,18291.2,18.2912
25502116.4635506,6686714.0808012,,,,TIKKURILA,DICKURSBY,924,0,,,,,,,,,,TIKKURILA,83,1,8249.4527615899,16520.5,16.5205
25503118.4339519,6687350.74079776,,,,JOKINIEMI,ÅNÄS,924,0,,,,,,,,,,JOKINIEMI,84,1,9178.7362311811,17549.6,17.5496
25501291.9616974,6686912.56644496,,,,VIERTOLA,BÄCKBY,924,0,,,,,,,,,,VIERTOLA,85,1,8247.8900971637,16775.6,16.7756
25503630.8142267,6685436.7287027,,,,KUNINKAALA,FASTBÖLE,924,0,,,,,,,,,,KUNINKAALA,86,1,7621.7244164458,16386.3,16.3863
25501559.2108507,6688748.13895952,,,,SIMONKYLÄ,SIMONSBÖLE,924,0,,,,,,,,,,SIMONKYLÄ,87,1,10101.4754317475,18535.6,18.5356
25504421.9265683,6687187.43209804,,,,HAKKILA,HAXBÖLE,924,0,,,,,,,,,,HAKKILA,88,1,8210.5542907255,18296.7,18.2967
25500409.6578307,6689190.05936129,,,,RUSKEASANTA,RÖDSAND,924,0,,,,,,,,,,RUSKEASANTA,89,1,10402.3456499683,18214.7,18.2147
25499926.1581699,6687049.80168752,,,,KOIVUHAKA,BJÖRKHAGEN,924,0,,,,,,,,,,KOIVUHAKA,90,1,8243.5161282504,16100.3,16.1003
25499392.7493936,6685646.27875897,,,,HELSINGIN PITÄJÄN KIRKONKYLÄ,HELSINGE KYRKOBY,924,0,,,,,,,,,,HELSINGIN PITÄJÄN KIRKONKYLÄ,91,1,6848.276878501,14497.7,14.4977
25502273.1713066,6689906.24117038,,,,KOIVUKYLÄ,BJÖRKBY,925,0,,,,,,,,,,KOIVUKYLÄ,92,1,11378.9901293581,19831.9,19.8319
25500820.8623993,6690784.20654242,,,,ILOLA,GLADAS,925,0,,,,,,,,,,ILOLA,93,1,12023.0442633365,19947.1,19.9471
25502971.0562186,6691367.86273426,,,,ASOLA,,925,0,,,,,,,,,,ASOLA,94,1,12083.9604076191,21588.2,21.5882
25504306.4327397,6690720.8274784,,,,REKOLA,RÄCKHALS,925,0,,,,,,,,,,REKOLA,95,1,10711.5468333196,21794.6,21.7946
25503800.8992168,6689258.77932125,,,,HAVUKOSKI,,925,0,,,,,,,,,,HAVUKOSKI,96,1,10013.2344467132,19980.3,19.9803
25505512.9067469,6689944.91694738,,,,PÄIVÄKUMPU,LÖVKULLA,925,0,,,,,,,,,,PÄIVÄKUMPU,97,1,9348.5150132601,21745.8,21.7458
25504685.8402414,6691858.98651485,,,,MATARI,MATAR,926,0,,,,,,,,,,MATARI,98,1,11379.8888740042,22923.4,22.9234
25503515.0846305,6693225.76536069,,,,KORSO,,926,0,,,,,,,,,,KORSO,99,1,13172.5946334386,24093.2,24.0932
25505642.864451,6691975.27285243,,,,MIKKOLA,,926,0,,,,,,,,,,MIKKOLA,100,1,10956.7662224668,23521.9,23.5219
25505102.4508139,6693118.25462486,,,,METSOLA,SKOGSBRINKEN,926,0,,,,,,,,,,METSOLA,101,1,12216.0120678999,24265.8,24.2658
25505520.4528417,6694180.79870934,,,,LEPPÄKORPI,ALKÄRR,926,0,,,,,,,,,,LEPPÄKORPI,102,1,12955.701709754,25361.5,25.3615
25506459.1324879,6692963.15569846,,,,JOKIVARSI,,926,0,,,,,,,,,,JOKIVARSI,103,1,11452.806637964,24784.8,24.7848
25507517.5380121,6692720.3362109,,,,NIKINMÄKI,NISSBACKA,926,0,,,,,,,,,,NIKINMÄKI,104,1,10824.6180261314,24630.9,24.6309
25502181.7124789,6694264.52549326,,,,VIERUMÄKI,,926,0,,,,,,,,,,VIERUMÄKI,105,1,14803.3995158325,25261.3,25.2613
25503501.8627264,6694882.77505376,,,,VALLINOJA,FALLBÄCKEN,926,0,,,,,,,,,,VALLINOJA,106,1,14554.3107204486,26826.1,26.8261
25507918.2590685,6682302.18829543,,,,LÄNSISALMI,VÄSTERSUNDOM,927,0,,,,,,,,,,LÄNSISALMI,107,1,2628.3063105916,17156.6,17.1566
25506885.4578362,6681571.24060175,,,,LÄNSIMÄKI,VÄSTERKULLA,927,0,,,,,,,,,,LÄNSIMÄKI,108,1,2756.5864550121,15730.6,15.7306
25507001.6199508,6683959.55591933,,,,OJANKO,GJUTAN,927,0,,,,,,,,,,OJANKO,109,1,4202.4257136356,17481.9,17.4819
25505589.3014321,6683331.27257781,,,,VAARALA,FAGERSTA,927,0,,,,,,,,,,VAARALA,110,1,4881.7001425834,15571.4,15.5714
25506051.5780919,6685255.37287134,,,,HAKUNILA,HÅKANSBÖLE,927,0,,,,,,,,,,HAKUNILA,111,1,5722.6919718648,17131.8,17.1318
25505430.1097202,6681899.50114492,,,,RAJAKYLÄ,RÅBY,927,0,,,,,,,,,,RAJAKYLÄ,112,1,3656.8431552224,14712.2,14.7122
25506072.1287814,6686579.03556317,,,,ITÄ-HAKKILA,ÖSTRA-HAXBÖLE,927,0,,,,,,,,,,ITÄ-HAKKILA,113,1,6549.0151120405,18566.3,18.5663
25506490.8721552,6688591.4511359,,,,KUNINKAANMÄKI,KUNGSBACKA,927,0,,,,,,,,,,KUNINKAANMÄKI,114,1,7679.8468919436,20430.3,20.4303
25508637.2449729,6686774.78917293,,,,SOTUNKI,SOTTUNSBY,927,0,,,,,,,,,,SOTUNKI,115,1,4957.0642370504,21369.9,21.3699
25494342.0772407,6675328.61465588,,,,,,,111403,KAUPUNGINOSA,91,15,MEILAHTI,MEJLANS,2009-12-30,2009-12-30,Helsinki/Kami,2018-12-27,MEILAHTI,116,1,463.0038297261,4167.75,4.16775
25502257.7726273,6676380.30143058,,,,,,,111418,KAUPUNGINOSA,91,43,HERTTONIEMI,HERTONÄS,2009-12-30,2009-12-30,Helsinki/Kami,2018-12-27,HERTTONIEMI,117,1,861.4043871902,7718.84,7.71884
25498504.5835038,6674776.86361865,,,,,,,111419,KAUPUNGINOSA,91,10,SÖRNÄINEN,SÖRNÄS,2009-12-30,2017-02-20,Helsinki/Kami,2018-12-27,SÖRNÄINEN,118,1,253.1457435568,3049.79,3.04979
25510681.490085,6682918.81823599,,,,,,,111439,KAUPUNGINOSA,91,55,ÖSTERSUNDOM,ÖSTERSUNDOM,2009-12-30,2015-03-02,Helsinki/Kami,2018-12-27,ÖSTERSUNDOM,119,1,665.8143593192,19015.3,19.0153
25498407.4464976,6675868.40264191,,,,,,,111440,KAUPUNGINOSA,91,21,HERMANNI,HERMANSTAD,2009-12-30,2017-02-20,Helsinki/Kami,2018-12-27,HERMANNI,120,1,618.1413432023,3973.93,3.97393
25492906.8388709,6676692.3001373,,,,,,,111441,KAUPUNGINOSA,91,30,MUNKKINIEMI,MUNKSNÄS,2009-12-30,2015-02-26,Helsinki/Kami,2018-12-27,MUNKKINIEMI,121,1,671.4270534086,5734.89,5.73489
25497439.9470027,6675814.7814387,,,,,,,111442,KAUPUNGINOSA,91,22,VALLILA,VALLGÅRD,2009-12-30,2009-12-30,Helsinki/Kami,2018-12-27,VALLILA,122,1,1445.4713635736,3522.79,3.52279
25497143.7693751,6671831.28992749,,,,,,,111537,KAUPUNGINOSA,91,7,ULLANLINNA,ULRIKASBORG,2009-12-30,2009-12-30,Helsinki/Kami,2018-12-27,ULLANLINNA,123,1,488.8533196881,1472.7,1.4727
25512288.8344484,6682074.04489136,,,,,,,111538,KAUPUNGINOSA,91,58,KARHUSAARI,BJÖRNSÖ,2009-12-30,2015-03-02,Helsinki/Kami,2018-12-27,KARHUSAARI,124,1,423.9496295716,20439.5,20.4395
25494688.7545064,6676600.76511274,,,,,,,111539,KAUPUNGINOSA,91,16,RUSKEASUO,BRUNAKÄRR,2009-12-30,2009-12-30,Helsinki/Kami,2018-12-27,RUSKEASUO,125,1,1134.5838730933,4464.05,4.46405
25496877.6998227,6681164.55331883,,,,,,,111540,KAUPUNGINOSA,91,34,PAKILA,BAGGBÖLE,2009-12-30,2016-02-11,Helsinki/Kami,2018-12-27,PAKILA,126,1,3698.5413885289,9400.34,9.40034
25504882.6863296,6680392.82847905,,,,,,,111541,KAUPUNGINOSA,91,47,MELLUNKYLÄ,MELLUNGSBY,2009-12-30,2015-03-02,Helsinki/Kami,2018-12-27,MELLUNKYLÄ,127,1,2661.3027131899,13323.4,13.3234
25498778.5660408,6677933.29791622,,,,,,,111542,KAUPUNGINOSA,91,27,VANHAKAUPUNKI,GAMMELSTADEN,2009-12-30,2009-12-30,Helsinki/Kami,2018-12-27,VANHAKAUPUNKI,128,1,233.5030796551,6157.9,6.1579
25496514.9174733,6683170.2886529,,,,,,,111544,KAUPUNGINOSA,91,35,TUOMARINKYLÄ,DOMARBY,2009-12-30,2016-02-11,Helsinki/Kami,2018-12-27,TUOMARINKYLÄ,129,1,5437.8178113636,11493.6,11.4936
25500464.9113097,6675108.61844219,,,,,,,111516,KAUPUNGINOSA,91,42,KULOSAARI,BRÄNDÖ,2009-12-30,2009-12-30,Helsinki/Kami,2018-12-27,KULOSAARI,130,1,233.2189065529,5256.15,5.25615
25497757.3802716,6677198.07565762,,,,,,,111518,KAUPUNGINOSA,91,24,KUMPULA,GUMTÄKT,2009-12-30,2009-12-30,Helsinki/Kami,2018-12-27,KUMPULA,131,1,1165.3155131033,5259.98,5.25998
25509241.0257886,6680760.0437546,,,,,,,111519,KAUPUNGINOSA,91,56,SALMENKALLIO,SUNDBERG,2009-12-30,2015-03-02,Helsinki/Kami,2018-12-27,SALMENKALLIO,132,1,798.7550622201,17264.9,17.2649
25493370.0865703,6681778.74320541,,,,,,,111520,KAUPUNGINOSA,91,33,KAARELA,KÅRBÖLE,2009-12-30,2015-02-27,Helsinki/Kami,2018-12-27,KAARELA,133,1,4652.3580813258,10250.7,10.2507
25497153.4425925,6672528.57078915,,,,,,,111521,KAUPUNGINOSA,91,3,KAARTINKAUPUNKI,GARDESSTADEN,2009-12-30,2009-12-30,Helsinki/Kami,2018-12-27,KAARTINKAUPUNKI,134,1,244.6573823799,957.299,0.957299
25495301.2775063,6671816.02692257,,,,,,,111522,KAUPUNGINOSA,91,20,LÄNSISATAMA,VÄSTRA HAMNEN,2009-12-30,2016-08-16,Helsinki/Kami,2018-12-27,LÄNSISATAMA,135,1,266.2379513782,2071.54,2.07154
25500383.4933906,6669205.33361503,,,,,,,111523,KAUPUNGINOSA,91,52,SUOMENLINNA,SVEABORG,2009-12-30,2009-12-30,Helsinki/Kami,2018-12-27,SUOMENLINNA,136,1,194.9196954398,14387.9,14.3879
25496890.5247684,6675201.1311631,,,,,,,111524,KAUPUNGINOSA,91,12,ALPPIHARJU,ÅSHÖJDEN,2009-12-30,2009-12-30,Helsinki/Kami,2018-12-27,ALPPIHARJU,137,1,1050.7184352882,2790.13,2.79013
25497728.8353167,6672928.63431686,,,,,,,111573,KAUPUNGINOSA,91,8,KATAJANOKKA,SKATUDDEN,2009-12-30,2009-12-30,Helsinki/Kami,2018-12-27,KATAJANOKKA,138,1,260,1990.94,1.99094
25492270.3113437,6678793.94464665,,,,,,,111574,KAUPUNGINOSA,91,46,PITÄJÄNMÄKI,SOCKENBACKA,2009-12-30,2015-02-27,Helsinki/Kami,2018-12-27,PITÄJÄNMÄKI,139,1,1473.1006355674,7846.63,7.84663
25493051.1391425,6671605.87172538,,,,,,,111575,KAUPUNGINOSA,91,31,LAUTTASAARI,DRUMSÖ,2009-12-30,2015-03-02,Helsinki/Kami,2018-12-27,LAUTTASAARI,140,1,327.6479938388,4153.12,4.15312
25499229.1484092,6681344.7963671,,,,,,,111580,KAUPUNGINOSA,91,37,PUKINMÄKI,BOCKSBACKA,2009-12-30,2016-01-14,Helsinki/Kami,2018-12-27,PUKINMÄKI,141,1,2592.0999388409,10097.9,10.0979
25511281.2670802,6684988.27498035,,,,,,,111582,KAUPUNGINOSA,91,59,ULTUNA,ULTUNA,2009-12-30,2015-04-28,Helsinki/Kami,2018-12-27,ULTUNA,142,1,2311.1622517263,21616.1,21.6161
25495195.4555222,6675684.1345582,,,,,,,111561,KAUPUNGINOSA,91,18,LAAKSO,DAL,2009-12-30,2009-12-30,Helsinki/Kami,2018-12-27,LAAKSO,143,1,958.3481623579,3517.32,3.51732
25504731.3843314,6673321.65908243,,,,,,,111562,KAUPUNGINOSA,91,48,VARTIOSAARI,VÅRDÖ,2009-12-30,2009-12-30,Helsinki/Kami,2018-12-27,VARTIOSAARI,144,1,2.0023863893,12632,12.632
25497182.5683385,6677983.31349898,,,,,,,111563,KAUPUNGINOSA,91,25,KÄPYLÄ,KOTTBY,2009-12-30,2009-12-30,Helsinki/Kami,2018-12-27,KÄPYLÄ,145,1,1774.9388570088,6060.83,6.06083
25496491.7763224,6671995.82576041,,,,,,,111564,KAUPUNGINOSA,91,5,PUNAVUORI,RÖDBERGEN,2009-12-30,2016-08-16,Helsinki/Kami,2018-12-27,PUNAVUORI,146,1,395.3729571909,1370.41,1.37041
25498254.2450837,6678515.89036028,,,,,,,111583,KAUPUNGINOSA,91,26,KOSKELA,FORSBY,2009-12-30,2009-12-30,Helsinki/Kami,2018-12-27,KOSKELA,147,1,811.7885579011,6797.85,6.79785
25495631.5293397,6673415.98724014,,,,,,,111600,KAUPUNGINOSA,91,13,ETU-TÖÖLÖ,FRÄMRE TÖLÖ,2009-12-30,2009-12-22,Helsinki/Kami,2018-12-27,ETU-TÖÖLÖ,148,1,481.6883130562,1282.58,1.28258
25497627.5127552,6671617.92948017,,,,,,,111604,KAUPUNGINOSA,91,9,KAIVOPUISTO,BRUNNSPARKEN,2009-12-30,2009-12-30,Helsinki/Kami,2018-12-27,KAIVOPUISTO,149,1,278.2326243864,2089.55,2.08955
25502819.3596052,6673032.02211778,,,,,,,111635,KAUPUNGINOSA,91,49,LAAJASALO,DEGERÖ,2009-12-30,2009-12-30,Helsinki/Kami,2018-12-27,LAAJASALO,150,1,535.9190452757,9731.6,9.7316
25503493.6338774,6675376.5960228,,,,,,,111636,KAUPUNGINOSA,91,44,TAMMISALO,TAMMELUND,2009-12-30,2009-12-30,Helsinki/Kami,2018-12-27,TAMMISALO,151,1,225.2981581221,8662.21,8.66221
25500478.5850086,6684954.89583393,,,,,,,111637,KAUPUNGINOSA,91,40,SUUTARILA,SKOMAKARBÖLE,2009-12-30,2015-11-10,Helsinki/Kami,2018-12-27,SUUTARILA,152,1,6188.6594494867,14467.9,14.4679
25502849.0926654,6670270.219114,,,,,,,111638,KAUPUNGINOSA,91,51,SANTAHAMINA,SANDHAMN,2009-12-30,2009-12-30,Helsinki/Kami,2018-12-27,SANTAHAMINA,153,1,445.8663050791,12959.2,12.9592
25496783.0288955,6673406.9371269,,,,,,,111639,KAUPUNGINOSA,91,2,KLUUVI,GLOET,2009-12-30,2009-12-30,Helsinki/Kami,2018-12-27,KLUUVI,154,1,354.4717102927,679.417,0.679417
25506531.4897799,6671645.21732897,,,,,,,111616,KAUPUNGINOSA,91,50,VILLINKI,VILLINGE,2009-12-30,2009-12-30,Helsinki/Kami,2018-12-27,VILLINKI,155,1,212.2433930732,12947.8,12.9478
25500970.1244673,6678993.49375483,,,,,,,111617,KAUPUNGINOSA,91,36,VIIKKI,VIK,2009-12-30,2009-12-30,Helsinki/Kami,2018-12-27,VIIKKI,156,1,922.8963429697,9191.26,9.19126
25495704.8026513,6674583.06133769,,,,,,,111618,KAUPUNGINOSA,91,14,TAKA-TÖÖLÖ,BORTRE TÖLÖ,2009-12-30,2009-12-22,Helsinki/Kami,2018-12-27,TAKA-TÖÖLÖ,157,1,650.3360992279,1898.77,1.89877
25494053.5761827,6678719.78152427,,,,,,,111619,KAUPUNGINOSA,91,29,HAAGA,HAGA,2009-12-30,2009-12-30,Helsinki/Kami,2018-12-27,HAAGA,158,1,2680.7496983098,6896,6.896
25497602.3580339,6673319.13949371,,,,,,,111657,KAUPUNGINOSA,91,1,KRUUNUNHAKA,KRONOHAGEN,2009-12-30,2009-12-30,Helsinki/Kami,2018-12-27,KRUUNUNHAKA,159,1,248.6596171337,1353.46,1.35346
25508345.794305,6677737.87146221,,,,,,,111662,KAUPUNGINOSA,91,54,VUOSAARI,NORDSJÖ,2009-12-30,2015-03-02,Helsinki/Kami,2018-12-27,VUOSAARI,160,1,1218.839731265,14827.2,14.8272
25497117.8116424,6674420.00736882,,,,,,,111663,KAUPUNGINOSA,91,11,KALLIO,BERGHÄLL,2009-12-30,2009-12-30,Helsinki/Kami,2018-12-27,KALLIO,161,1,271.9666787826,1947.41,1.94741
25504479.1456796,6678150.23991384,,,,,,,111695,KAUPUNGINOSA,91,45,VARTIOKYLÄ,BOTBY,2009-12-30,2010-10-27,Helsinki/Kami,2018-12-27,VARTIOKYLÄ,162,1,1458.7412499247,10912.4,10.9124
25501248.0269898,6681476.37001248,,,,,,,114280,KAUPUNGINOSA,91,38,MALMI,MALM,2009-12-30,2017-08-21,Helsinki/Kami,2018-12-27,MALMI,163,1,3054.6021899128,10979,10.979
25503448.4938426,6683590.00069792,,,,,,,114281,KAUPUNGINOSA,91,41,SUURMETSÄ,STORSKOG,2009-12-30,2017-08-21,Helsinki/Kami,2018-12-27,SUURMETSÄ,164,1,6031.1963439549,14944.1,14.9441
25500257.3502414,6683335.53532815,,,,,,,114282,KAUPUNGINOSA,91,39,TAPANINKYLÄ,STAFFANSBY,2009-12-30,2017-08-21,Helsinki/Kami,2018-12-27,TAPANINKYLÄ,165,1,4554.6843572632,12416.1,12.4161
25495991.4468647,6677128.53251951,,,,,,,114642,KAUPUNGINOSA,91,17,PASILA,BÖLE,2009-12-30,2018-10-30,Helsinki/Kami,2018-12-27,PASILA,166,1,2519.9461128827,4653.06,4.65306
25497048.3183457,6679680.94495886,,,,,,,114643,KAUPUNGINOSA,91,28,OULUNKYLÄ,ÅGGELBY,2009-12-30,2018-10-30,Helsinki/Kami,2018-12-27,OULUNKYLÄ,167,1,2473.470796186,7688.79,7.68879
25496176.175388,6672581.1236013,,,,,,,111903,KAUPUNGINOSA,91,4,KAMPPI,KAMPEN,2009-12-30,2009-12-30,Helsinki/Kami,2018-12-27,KAMPPI,168,1,514.3788520697,652.107,0.652107
25498583.9151538,6677052.22789071,,,,,,,111998,KAUPUNGINOSA,91,23,TOUKOLA,MAJSTAD,2009-12-30,2009-12-30,Helsinki/Kami,2018-12-27,TOUKOLA,169,1,398.140161824,5265.81,5.26581
25511048.4676556,6680987.44842192,,,,,,,112141,KAUPUNGINOSA,91,57,TALOSAARI,HUSÖ,2009-12-30,2015-03-02,Helsinki/Kami,2018-12-27,TALOSAARI,170,1,188.5483002644,19799.4,19.7994
25496605.494,6671440.25762185,,,,,,,111941,KAUPUNGINOSA,91,6,EIRA,EIRA,2009-12-30,2016-08-16,Helsinki/Kami,2018-12-27,EIRA,171,1,209.6588950801,1866.94,1.86694
25491422.754203,6680814.01549344,,,,,,,112082,KAUPUNGINOSA,91,32,KONALA,KÅNALA,2009-12-30,2015-02-27,Helsinki/Kami,2018-12-27,KONALA,172,1,3380.2669737349,10142,10.142
